<?xml version="1.0" encoding="UTF-8" ?>
<!DOCTYPE tiles-definitions PUBLIC "-//Apache Software Foundation//DTD  Tiles Configuration 3.0//EN" 
"http://tiles.apache.org/dtds/tiles-config_3_0.dtd">

<tiles-definitions>

<definition name="base-Template" template="/WEB-INF/tiles/layout/baseLayout.jsp">

	<put-attribute name="title" value="test title"/>
	<put-attribute name="heading" value=""/>
	<put-attribute name="subheading" value=""/>
	<put-attribute name="menu" value="/WEB-INF/tiles/template/header.jsp"/>
	<put-attribute name="content" value=""/>
	<put-attribute name="footer" value="/WEB-INF/tiles/template/footer.jsp"/>

</definition>


<definition name="main" extends="base-Template">

	<put-attribute name="title" value="CarShop"/>
	<put-attribute name="heading" value="방문하신 모든 분들을 환영합니다."/>
	<put-attribute name="subheading" value="Welcome to Carshop"/>

</definition>

<definition name="login" extends="base-Template">

	<put-attribute name="title" value="로그인"/>
	<put-attribute name="content" value="/WEB-INF/views/login.jsp"/>

</definition>

<definition name="home" extends="base-Template">

	<put-attribute name="title" value="홈"/>
	<put-attribute name="content" value="/WEB-INF/views/home.jsp"/>

</definition>

<definition name="errorCommon" extends="base-Template">

	<put-attribute name="title" value="에러메시지"/>
	<put-attribute name="content" value="/WEB-INF/views/errorCommon.jsp"/>

</definition>

<definition name="error" extends="base-Template">

	<put-attribute name="title" value="에러메시지"/>
	<put-attribute name="content" value="/WEB-INF/views/error.jsp"/>

</definition>

<definition name="cart" extends="base-Template">

	<put-attribute name="title" value="장바구니"/>
	<put-attribute name="content" value="/WEB-INF/views/cart.jsp"/>

</definition>

<definition name="cars" extends="base-Template">

	<put-attribute name="title" value="상품목록"/>
	<put-attribute name="content" value="/WEB-INF/views/cars.jsp"/>

</definition>

<definition name="car" extends="base-Template">

	<put-attribute name="title" value="상품상세"/>
	<put-attribute name="content" value="/WEB-INF/views/car.jsp"/>

</definition>

<definition name="board" extends="base-Template">

	<put-attribute name="title" value="게시판"/>
	<put-attribute name="content" value="/WEB-INF/views/board.jsp"/>

</definition>

<definition name="addCar" extends="base-Template">

	<put-attribute name="title" value="상품등록"/>
	<put-attribute name="content" value="/WEB-INF/views/addCar.jsp"/>

</definition>


</tiles-definitions>

