<?xml version="1.0" encoding="UTF-8"?>
<beans:beans
	xmlns="http://www.springframework.org/schema/security"
	xmlns:beans="http://www.springframework.org/schema/beans"
	xmlns:xsi="http://www.w3.org/2001/XMLSchema-instance"
	xsi:schemaLocation="http://www.springframework.org/schema/beans
	http://www.springframework.org/schema/beans/spring-beans.xsd
	http://www.springframework.org/schema/security
	http://www.springframework.org/schema/security/spring-security.xsd">
	
	
<!-- 	<http auto-config="true" use-expressions="true"> 기본 로그인 창 사용시 -->
	<http use-expressions="true">

	<intercept-url pattern="/cars/add" access="hasAuthority('ROLE_ADMIN')" /> <!-- ADMIN만 허용 -->
	<intercept-url pattern="/manager" access="hasRole('ROLE_MANAGER')" /> <!-- MANAGER만 허용 -->
	<intercept-url pattern="/member" access="isAuthenticated()" /> <!-- 로그인한 사람만 허용 -->
	<intercept-url pattern="/**" access="permitAll" /> <!-- 전체 허용 -->
	
	<form-login login-page="/cars/login"
			default-target-url="/"
			authentication-failure-url="/cars/loginfailed"
			username-parameter="username"
			password-parameter="password"/>
			
	<csrf/>
	
	<logout logout-success-url="/cars/logout"/>
	
	</http>
	
	<authentication-manager>
		<authentication-provider>
		<user-service>

	<user name="admin" password="{noop}admin" authorities="ROLE_ADMIN, ROLE_USER" />
	<user name="manager" password="{noop}manager" authorities="ROLE_MANAGER, ROLE_USER" />
	<user name="guest" password="{noop}guest" authorities="ROLE_USER" />
		
		
		
		</user-service>
		</authentication-provider>
	</authentication-manager>
</beans:beans>